index,MAPE_pct,note
Train (Batch 1 CV),5.327928190108665,B1 36셀 · 프로토콜 분리 nested5fold MAPE 평균
Valid (Batch 1 Hold-out),5.125197092474987,개발26셀로 학습 · 독립 프로토콜10셀 검증
Test (Batch 2),23.70978431823663,B1 36셀 재학습 후 B2 39셀 평가
Gap (Train-Valid),-0.20273109763367803,Valid−Train · pp · (+) 과적합 의심
Gap (Valid-Test),18.58458722576164,B2−Valid · pp · (+) 배치 일반화 저하
Gap (Target-Test),14.60978431823663,B2−9.1% · pp
Test (Batch 3),10.359705700062587,같은 확정 모델 · B3 43셀 평가
Gap (Batch2-Batch3),-13.350078618174042,B3−B2 · pp · (+) B3 성능 저하
Gap (Target-Test) — Batch 3,1.2597057000625878,B3−9.1% · pp
